copy_path	source_path	role	source_sha256	copy_sha256	reason
EVIDENCE\001__AUDITOR_PACKAGE_PROTOCOL_R3.md	External_Audits\00_AUDITOR_PACKAGE_PROTOCOL_SK.md	process-contract	E92C56DAD04064EEADF908EFBC850CDE2918B62021CB33F8F17F10E342744ABF	E92C56DAD04064EEADF908EFBC850CDE2918B62021CB33F8F17F10E342744ABF	active R3 package rules
EVIDENCE\002__P5_S1_SUPPORT_CONTRACT.md	tracks\A1\A1K1\A2\A2K4\SUBTRACKS\P5\P5_3_SEEDS\51_P5_3G7_S1_BRANCH_AND_SUPPORT_TRANSFER_CONTRACT_SK.md	primary-contract	83AEAF11F8C8BA70ED4535DAB949DB3FB7DDA9E2583896BF9B347C8CEBAFA424	83AEAF11F8C8BA70ED4535DAB949DB3FB7DDA9E2583896BF9B347C8CEBAFA424	frozen NID support and coverage order
EVIDENCE\003__KMPC047_PREREG_AND_EXECUTION.md	tracks\A1\A1K1\A2\A2K4\SUBTRACKS\P5\P5_3_SEEDS\87_KMPC_047_GLOBAL_C1_NID_PRIMARY_EXTENDED_PREREGISTRATION_AND_EXECUTION_LEDGER_SK.md	primary-prereg	F4A6F4A23E9E22F16AEC59F9CC61F22D9DC02116841A7BC69462E2B213EFFB5C	F4A6F4A23E9E22F16AEC59F9CC61F22D9DC02116841A7BC69462E2B213EFFB5C	pre-result thresholds and execution record
EVIDENCE\004__KMPC047_RESULT_AUDIT.md	tracks\A1\A1K1\A2\A2K4\SUBTRACKS\P5\P5_3_SEEDS\88_KMPC_047_GLOBAL_C1_NID_PRIMARY_EXTENDED_RESULT_AND_AUDIT_SK.md	derived-audit	E8BE3F2D4B6DAA53D5277E6960F712C5FD0C1918EA83CC2C81F51B9C9B068463	E8BE3F2D4B6DAA53D5277E6960F712C5FD0C1918EA83CC2C81F51B9C9B068463	authoritative scoped assessment
EVIDENCE\005__KMPC047_REFERENCE_RESULT.json	scripts\results\k_mpc_005\RUN_KMPC_047_P5_3G7_NID_C1_PRIMARY_EXTENDED_COVERAGE.json	raw-reference	EED63396DB99C0818306C581413572BE647630CFD0433A8F05A1DCE704DC696A	EED63396DB99C0818306C581413572BE647630CFD0433A8F05A1DCE704DC696A	reference raw payload
EVIDENCE\006__KMPC047_RUNNER.py	scripts\291_script_KMPC_047_P5_3g7_NID_C1_primary_extended_coverage.py	primary-runner	EF217D9AD729CFA0B112018B5D4C385E983564F185A1543F3BC245F812FEAF95	EF217D9AD729CFA0B112018B5D4C385E983564F185A1543F3BC245F812FEAF95	official entrypoint
EVIDENCE\007__NID_C1_COVERAGE_BASE.py	scripts\baseScripts\p5_general_synchronous\nid_c1_coverage.py	primary-base	EEEE74848B6F4413914F0CC60230CC824982C7E485A38C77C4495F807975A2CD	EEEE74848B6F4413914F0CC60230CC824982C7E485A38C77C4495F807975A2CD	direct NID calculation base
EVIDENCE\008__PYTHON_FORMAL_ERROR_LEDGER.md	scripts\00_PYTHON_FORMAL_ERROR_LEDGER.md	process-history	184A1167758D453A2A49670BC6D6668EC2EC9284A3ED437C47224BEFEA146EFF	184A1167758D453A2A49670BC6D6668EC2EC9284A3ED437C47224BEFEA146EFF	known error prevention
EVIDENCE\009__BASE_CDI_C1_COVERAGE.py	scripts\baseScripts\p5_general_synchronous\cdi_c1_coverage.py	primary-base	D57CA8CA5571A07440A987F4FB0DDA08A40DAF7EA8C95AF929FC5C936F2FCE0F	D57CA8CA5571A07440A987F4FB0DDA08A40DAF7EA8C95AF929FC5C936F2FCE0F	import closure
EVIDENCE\010__BASE_FULL_RA_B1_PREFLIGHT.py	scripts\baseScripts\p5_general_synchronous\full_ra_b1_preflight.py	primary-base	62D6DEEFBDB81C0619FD58C668185FF9CA76926A90D00DCE9C092AD4797D6B5D	62D6DEEFBDB81C0619FD58C668185FF9CA76926A90D00DCE9C092AD4797D6B5D	import closure
EVIDENCE\011__BASE_FULL_RA_B1_PREFLIGHT_V2.py	scripts\baseScripts\p5_general_synchronous\full_ra_b1_preflight_v2.py	primary-base	27C0D6ADA828CA2F59C0D128EB6339074D5940F294272CDABE8127CB84867C7C	27C0D6ADA828CA2F59C0D128EB6339074D5940F294272CDABE8127CB84867C7C	import closure
EVIDENCE\012__BASE_FULL_RA_CONTRACT.py	scripts\baseScripts\p5_general_synchronous\full_ra_contract.py	primary-base	F3839DA931D24939FA9C5925FD29B1484E722D1A0F24117DC91EBE5F4436D464	F3839DA931D24939FA9C5925FD29B1484E722D1A0F24117DC91EBE5F4436D464	import closure
EVIDENCE\013__BASE_FULL_RA_M3_SEED.py	scripts\baseScripts\p5_general_synchronous\full_ra_m3_seed.py	primary-base	070F217B45A385369ECAFAA3D409A1210BAE3C3AF8A600A9171225B258751BF2	070F217B45A385369ECAFAA3D409A1210BAE3C3AF8A600A9171225B258751BF2	import closure
EVIDENCE\014__BASE_MODE_RESOLVED.py	scripts\baseScripts\p5_general_synchronous\mode_resolved_puiseux.py	primary-base	5A89CF82006CB5ECC1D8B4BE1FD56A463453EE3D6261968CB64DE8CCF2C8B7AE	5A89CF82006CB5ECC1D8B4BE1FD56A463453EE3D6261968CB64DE8CCF2C8B7AE	import closure
EVIDENCE\015__BASE_MODE_ANCHORED.py	scripts\baseScripts\p5_general_synchronous\mode_resolved_puiseux_v2_m1_anchored.py	primary-base	5DE2C280B0E9DAF528A9E3011368361B37AE53DE38827FB6F6CE4AB2019A4455	5DE2C280B0E9DAF528A9E3011368361B37AE53DE38827FB6F6CE4AB2019A4455	import closure
EVIDENCE\016__BASE_S1_COLLECTIVE_CONTRACT.py	scripts\baseScripts\p5_general_synchronous\s1_collective_contract.py	primary-base	F535EE15137BBD6F9C0379821C9CC94DED8EC56037B6105B75BEF65A5884EE68	F535EE15137BBD6F9C0379821C9CC94DED8EC56037B6105B75BEF65A5884EE68	import closure
EVIDENCE\017__BASE_S_C0_PASSPORT.py	scripts\baseScripts\p5_general_synchronous\s_c0_coefficient_passport.py	primary-base	C370B610815AFAC345C990E3CFE516D616873F39598F468A5ADBF2C65A2A6B95	C370B610815AFAC345C990E3CFE516D616873F39598F468A5ADBF2C65A2A6B95	import closure
EVIDENCE\018__BASE_S_C0_PASSPORT_V2.py	scripts\baseScripts\p5_general_synchronous\s_c0_coefficient_passport_v2_numpy_scalar.py	primary-base	06EE03C939FBCCFA6FA130421EEF98D0B8CC7571937EF02A7A46A57367534C11	06EE03C939FBCCFA6FA130421EEF98D0B8CC7571937EF02A7A46A57367534C11	import closure
