"runtime_path"	"role"	"sha256"	"required_by"
"REPRO/scripts/314_script_KMPC_070_P5_3g7_C2_CDI_k0p005_support_07_checkpoint.py"	"runtime-code"	"32E299078A6B7E65A2723347F109321D1B09509FAE0953E8AEEF37E01977D899"	"KMPC-112 compile/help/smoke/official static and runtime closure"
"REPRO/scripts/317_script_KMPC_073_P5_3g7_C2_CDI_k0p005_phase_aware_state_order_successor.py"	"runtime-code"	"B7779F000CA54EE6B5F847769288DD50D084500E1A1A9DE6964E64F20221A350"	"KMPC-112 compile/help/smoke/official static and runtime closure"
"REPRO/scripts/319_script_KMPC_075_P5_3g7_C2_CDI_k0p15_same_matrix_refinement.py"	"runtime-code"	"7E8281C8C7ECF3A76C8A15F37E14CDB673FB66BADF485DE00517DAE9DB4E5F8E"	"KMPC-112 compile/help/smoke/official static and runtime closure"
"REPRO/scripts/320_script_KMPC_076_P5_3g7_C2_BI_k0p005_nominal.py"	"runtime-code"	"5410B74F3B6D0E87A82D8DAB9C723B67307E7459B2A0A578E4F560EEF6982159"	"KMPC-112 compile/help/smoke/official static and runtime closure"
"REPRO/scripts/321_script_KMPC_077_P5_3g7_C2_BI_k0p005_support_07_checkpoint.py"	"runtime-code"	"DC972078E92128C5060F07D43BBB6727A0D8807417C9E35032B197B1CEE704BA"	"KMPC-112 compile/help/smoke/official static and runtime closure"
"REPRO/scripts/322_script_KMPC_078_P5_3g7_C2_BI_k0p005_support_07_09_checkpoint_resume.py"	"runtime-code"	"CFC5AB13EB68CF7A4023AFF3AECBF81166F2234C09F8FA4AF304A2761C30EABF"	"KMPC-112 compile/help/smoke/official static and runtime closure"
"REPRO/scripts/323_script_KMPC_079_P5_3g7_C2_BI_k0p15_nominal.py"	"runtime-code"	"9AD3F44FA14EEB6688568FB101ABE925DF385A807FB99EBC022D0DD60AC9F7E5"	"KMPC-112 compile/help/smoke/official static and runtime closure"
"REPRO/scripts/324_script_KMPC_080_P5_3g7_C2_BI_k0p15_same_matrix_refinement.py"	"runtime-code"	"2B4C89AA644997EFC3566BEA6846CF1609E11F88AE3F9691C20C5FC4E3014F05"	"KMPC-112 compile/help/smoke/official static and runtime closure"
"REPRO/scripts/327_script_KMPC_083_P5_3g7_C2_BI_k0p15_internal_deadline_successor.py"	"runtime-code"	"68D5D64A57DF7D89738E7895773B88088B8608702870BCEBA2EB2490B55BB0D2"	"KMPC-112 compile/help/smoke/official static and runtime closure"
"REPRO/scripts/330_script_KMPC_086_P5_3g7_C2_BI_k0p15_assembly_fixture_successor.py"	"runtime-code"	"14B82468790AFA1CE6330EF8B332E894309D2FE702BE29CE5BA0A7877D87728B"	"KMPC-112 compile/help/smoke/official static and runtime closure"
"REPRO/scripts/331_script_KMPC_087_P5_3g7_C2_BI_k0p15_high_precision_driver_assembly.py"	"runtime-code"	"F297F116ADC873999AF15E41CA3D4CCB9110293C8E97B404A86E607B6471400C"	"KMPC-112 compile/help/smoke/official static and runtime closure"
"REPRO/scripts/332_script_KMPC_088_P5_3g7_C2_BI_k0p15_coefficient_attribution.py"	"runtime-code"	"39978AB9472EB6CA4D4C26C65998F56547CBF61D14A4192D7D79696B4975E355"	"KMPC-112 compile/help/smoke/official static and runtime closure"
"REPRO/scripts/333_script_KMPC_089_P5_3g7_C2_BI_k0p15_attribution_serialization_successor.py"	"runtime-code"	"13C10A19A995407717FDFDD84658088F435AB8938803C435C72273722B0FFF0C"	"KMPC-112 compile/help/smoke/official static and runtime closure"
"REPRO/scripts/334_script_KMPC_090_P5_3g7_C2_BI_k0p15_attribution_fixture_successor.py"	"runtime-code"	"BACA676789BBF8E2713719505E03FEB44E12FB3F8E0387BEB3590D47C7AF5E8E"	"KMPC-112 compile/help/smoke/official static and runtime closure"
"REPRO/scripts/335_script_KMPC_091_P5_3g7_C2_BI_k0p15_attribution_float_product_successor.py"	"runtime-code"	"D870F42347B9B3CD8C2739921C41D781A9F991F1B2F21DA642B99CCBD797935E"	"KMPC-112 compile/help/smoke/official static and runtime closure"
"REPRO/scripts/336_script_KMPC_092_P5_3g7_C2_BI_k0p15_attribution_nested_owner_successor.py"	"runtime-code"	"E67BD2D15FACD3F23D11F9CAA39D68FABBDEB7D95234F11895C8CE0A46647677"	"KMPC-112 compile/help/smoke/official static and runtime closure"
"REPRO/scripts/337_script_KMPC_093_P5_3g7_C2_BI_k0p15_high_precision_M1_reassembly.py"	"runtime-code"	"E4D97F39AD835F8D55AF72EE457B90BFDE9587F8A646A9B6DA1EF49D1BDF935D"	"KMPC-112 compile/help/smoke/official static and runtime closure"
"REPRO/scripts/338_script_KMPC_094_P5_3g7_C2_BI_k0p15_high_precision_M1_attribution_owner_successor.py"	"runtime-code"	"D3FF15EE2B10C879FC2AE9C920A2942285ABB8474EA37ADDB84F318C76E61D1F"	"KMPC-112 compile/help/smoke/official static and runtime closure"
"REPRO/scripts/339_script_KMPC_095_P5_3g7_C2_BI_k0p15_high_precision_M1_column_equilibrated.py"	"runtime-code"	"942D22363F669CA7F2036D267222EBF35A79E6D2C2C3A2A011FCD5C4B4A427A1"	"KMPC-112 compile/help/smoke/official static and runtime closure"
"REPRO/scripts/340_script_KMPC_096_P5_3g7_C2_BI_k0p15_high_precision_M1_scale_fixture_successor.py"	"runtime-code"	"5A8C190E79FB1CA826C681D4A611E7A2042ED9CE64F60EFBCEBCC283B8A7B25F"	"KMPC-112 compile/help/smoke/official static and runtime closure"
"REPRO/scripts/341_script_KMPC_097_P5_3g7_C2_BI_k0p15_HP_M1_matrix_provenance_diagnostic.py"	"runtime-code"	"5A3A1B86172D17D45965D85E1B9475F7CE9C3D398E6F234A78961E61A5044874"	"KMPC-112 compile/help/smoke/official static and runtime closure"
"REPRO/scripts/342_script_KMPC_098_P5_3g7_C2_BI_k0p15_HP_M1_combined_register_successor.py"	"runtime-code"	"53DD70E945200037DD1A5526485F4A59BCD299A50BFA660FD16C41744465B74E"	"KMPC-112 compile/help/smoke/official static and runtime closure"
"REPRO/scripts/343_script_KMPC_099_P5_3g7_C2_BI_k0p15_HP_M1_standalone_matrix_provenance.py"	"runtime-code"	"B391FB0FB497922BB63C0F528CA3A5699B47E645B610A4D13084BE1357E1A5BD"	"KMPC-112 compile/help/smoke/official static and runtime closure"
"REPRO/scripts/344_script_KMPC_100_P5_3g7_C2_BI_k0p15_HP_M1_publication_receipt.py"	"runtime-code"	"C164D6909B2CF090CF807103BB80E8822FBBBA7F41A76349F0506A4DBE5EA1AA"	"KMPC-112 compile/help/smoke/official static and runtime closure"
"REPRO/scripts/345_script_KMPC_101_P5_3g7_C2_BI_k0p15_native_HP_M1_CPQR.py"	"runtime-code"	"227DDD650B34859F485AAE165173991AD450BB160F7E2998AA9124C4FF317478"	"KMPC-112 compile/help/smoke/official static and runtime closure"
"REPRO/scripts/346_script_KMPC_102_P5_3g7_C2_BI_k0p15_native_HP_M1_CPQR_routing_successor.py"	"runtime-code"	"5DF6010385C76F743B4F59DA5F5F39C88CC4F205645CE2167864CAC40A548BCB"	"KMPC-112 compile/help/smoke/official static and runtime closure"
"REPRO/scripts/347_script_KMPC_103_P5_3g7_C2_BI_k0p15_HP_M1_downstream_insertion.py"	"runtime-code"	"584FE4FD2F0EFF3539419356D9E3409E355AD1C426481B500C1589FA33FF52CB"	"KMPC-112 compile/help/smoke/official static and runtime closure"
"REPRO/scripts/348_script_KMPC_104_P5_3g7_C2_BI_k0p15_HP_M1_downstream_AST_contract_successor.py"	"runtime-code"	"2468F528601B336BF2249563C259D696F04DDD29D1D2BA6E7EE692C1F3D1A25A"	"KMPC-112 compile/help/smoke/official static and runtime closure"
"REPRO/scripts/349_script_KMPC_105_P5_3g7_C2_BI_k0p15_HP_M1_downstream_identity_successor.py"	"runtime-code"	"1AA37C77A9992424EB7878C9056DD6AF4A48609149148F4F9663CEAE9C8D146E"	"KMPC-112 compile/help/smoke/official static and runtime closure"
"REPRO/scripts/350_script_KMPC_106_P5_3g7_C2_BI_k0p15_HP_M1_support_checkpoint.py"	"runtime-code"	"978D5D4CBDC814B393AD5D1098BEF54123C9AAB80741BBEB145EEBCB29442E1F"	"KMPC-112 compile/help/smoke/official static and runtime closure"
"REPRO/scripts/351_script_KMPC_107_P5_3g7_C2_BI_k0p15_HP_M1_support_checkpoint_routing_successor.py"	"runtime-code"	"00463EA658FB5194F6663FA1741D55EF66911010F2CCDA5EE735F964F3F89F69"	"KMPC-112 compile/help/smoke/official static and runtime closure"
"REPRO/scripts/352_script_KMPC_108_P5_3g7_C2_BI_k0p15_HP_M1_support_checkpoint_JSON_successor.py"	"runtime-code"	"1308134805BC339551177C7FA78C3379F4A2AB0D2BE90E68B26732ECBA7E4A48"	"KMPC-112 compile/help/smoke/official static and runtime closure"
"REPRO/scripts/353_script_KMPC_109_P5_3g7_C2_BI_k0p15_HP_M1_support_checkpoint_read_only_receipt.py"	"runtime-code"	"A390718F258FE47408888EFD6A825A5387D5C6573E8B66FF1AF5E81B2D3CAE57"	"KMPC-112 compile/help/smoke/official static and runtime closure"
"REPRO/scripts/354_script_KMPC_110_P5_3g7_C2_BI_k0p15_HP_M1_checkpoint_exact_resume.py"	"runtime-code"	"DA271E7FBF7EF6243C9B66A5DAE2875056166674ABAD2E145328309627E28454"	"KMPC-112 compile/help/smoke/official static and runtime closure"
"REPRO/scripts/355_script_KMPC_111_P5_3g7_C2_BI_k0p15_HP_M1_checkpoint_exact_resume_order_successor.py"	"runtime-code"	"10656FF16FEBA7A4AD48A1EF1EF01733659DCAA46C0FC8FAC1643D3F6016422E"	"KMPC-112 compile/help/smoke/official static and runtime closure"
"REPRO/scripts/356_script_KMPC_112_P5_3g7_C2_BI_k0p15_HP_M1_checkpoint_exact_resume_JSON_parity_successor.py"	"runtime-code"	"A3AA1E8F507D44AC4789B1A6EA2CE54D7BA788BC7EDB94558737FC181FE90510"	"KMPC-112 compile/help/smoke/official static and runtime closure"
"REPRO/scripts/88_script_A2_K4_3b_RG_BR1_synchronous_Einstein_and_transfer_ledger.py"	"runtime-code"	"0F13DA6CE761CFEF99909B492E30CF5ED751F56A555594334729330ED4888364"	"KMPC-112 compile/help/smoke/official static and runtime closure"
"REPRO/scripts/baseScripts/p5_general_synchronous/c2_atomic_runner_harness.py"	"runtime-code"	"735A52A6098274EDCDEA187BC940709307C6E6231FCDF4AE906FE661420B13B5"	"KMPC-112 compile/help/smoke/official static and runtime closure"
"REPRO/scripts/baseScripts/p5_general_synchronous/c2_bi_k0p15_coefficient_attribution_v2_serialization_bound.py"	"runtime-code"	"70EB60E8EBF01AE0DE2F84D2E08C309B59234B21CF87F79BB08F111D9B0F7242"	"KMPC-112 compile/help/smoke/official static and runtime closure"
"REPRO/scripts/baseScripts/p5_general_synchronous/c2_bi_k0p15_coefficient_attribution_v3_fixture.py"	"runtime-code"	"62F049762892938867EE33C83F37DDE572431B31AF05837866E4F590D0A8B23E"	"KMPC-112 compile/help/smoke/official static and runtime closure"
"REPRO/scripts/baseScripts/p5_general_synchronous/c2_bi_k0p15_coefficient_attribution_v4_float_product.py"	"runtime-code"	"C8372850F29B70ADA5640F51E9B2701EB83144AC295C2E1EFC3D7CABBE232C46"	"KMPC-112 compile/help/smoke/official static and runtime closure"
"REPRO/scripts/baseScripts/p5_general_synchronous/c2_bi_k0p15_coefficient_attribution_v5_nested_owner.py"	"runtime-code"	"DDBF6EB49DA5FC46CBDB82694AEBD19A9C43EF0233973525D8BEE4035EC662D8"	"KMPC-112 compile/help/smoke/official static and runtime closure"
"REPRO/scripts/baseScripts/p5_general_synchronous/c2_bi_k0p15_coefficient_attribution.py"	"runtime-code"	"4AB2E440219E81B4F8E360BEA76693BF10534FB177FC3D74AB022CCD5933E96F"	"KMPC-112 compile/help/smoke/official static and runtime closure"
"REPRO/scripts/baseScripts/p5_general_synchronous/c2_bi_k0p15_high_precision_driver_assembly.py"	"runtime-code"	"4C11A3EE3C08B084E53E5F313152A29C768E2F0F48D74588D0F5E37688B50B46"	"KMPC-112 compile/help/smoke/official static and runtime closure"
"REPRO/scripts/baseScripts/p5_general_synchronous/c2_bi_k0p15_high_precision_holdout_assembly_v2_hash_owner.py"	"runtime-code"	"9DC7C357D15580AFA3276BA4E3294870B69FAD6117F3A25F46DB1FADE5EBE865"	"KMPC-112 compile/help/smoke/official static and runtime closure"
"REPRO/scripts/baseScripts/p5_general_synchronous/c2_bi_k0p15_high_precision_holdout_assembly_v3_fixture.py"	"runtime-code"	"0FF2B72AFB5A480A891A71685DBA3394566C6945385F33913DAEA888AACA1C99"	"KMPC-112 compile/help/smoke/official static and runtime closure"
"REPRO/scripts/baseScripts/p5_general_synchronous/c2_bi_k0p15_high_precision_holdout_assembly.py"	"runtime-code"	"E0F423357AE291FDEDE6BACC51D45F5F0D4326CD81C3A8453538B7A71FDE3846"	"KMPC-112 compile/help/smoke/official static and runtime closure"
"REPRO/scripts/baseScripts/p5_general_synchronous/c2_bi_k0p15_high_precision_holdout_v2_deadline.py"	"runtime-code"	"5F3850D68BD0CCD9FCCB7CCE7E31A7C68212417E6C13921B88604D14DD321F7B"	"KMPC-112 compile/help/smoke/official static and runtime closure"
"REPRO/scripts/baseScripts/p5_general_synchronous/c2_bi_k0p15_high_precision_holdout.py"	"runtime-code"	"5B7A4740428DEB891A4C5892FE8E4412E914EF10FAD58EF6D423549F93032DB4"	"KMPC-112 compile/help/smoke/official static and runtime closure"
"REPRO/scripts/baseScripts/p5_general_synchronous/c2_bi_k0p15_high_precision_m1_reassembly_v10_cpqr_routing_successor.py"	"runtime-code"	"0E70793D89F32D70A0B1CDB021DE4D8C5785D06DB7245BE83ED2F2F720920801"	"KMPC-112 compile/help/smoke/official static and runtime closure"
"REPRO/scripts/baseScripts/p5_general_synchronous/c2_bi_k0p15_high_precision_m1_reassembly_v11_downstream_insertion.py"	"runtime-code"	"28B5FD79225BD06D8CB762BA9960EFFB1AE82E9E84F05E0FCCBFC77429B4B573"	"KMPC-112 compile/help/smoke/official static and runtime closure"
"REPRO/scripts/baseScripts/p5_general_synchronous/c2_bi_k0p15_high_precision_m1_reassembly_v12_downstream_identity_successor.py"	"runtime-code"	"479EEFD9BFDBF6E663BF6C6941444AB347C1CF9B54EBC522A3E82601D9C615F3"	"KMPC-112 compile/help/smoke/official static and runtime closure"
"REPRO/scripts/baseScripts/p5_general_synchronous/c2_bi_k0p15_high_precision_m1_reassembly_v13_support_checkpoint.py"	"runtime-code"	"301E3121DA9E260308FB46E6011A9694BA79676EE57F653DCCD3D472C4C44A78"	"KMPC-112 compile/help/smoke/official static and runtime closure"
"REPRO/scripts/baseScripts/p5_general_synchronous/c2_bi_k0p15_high_precision_m1_reassembly_v14_checkpoint_identity_successor.py"	"runtime-code"	"0ED499BFBBD6E6D7FC2640FE13BDAF67CE0C31C1B9AE593648BC2FEB3934733A"	"KMPC-112 compile/help/smoke/official static and runtime closure"
"REPRO/scripts/baseScripts/p5_general_synchronous/c2_bi_k0p15_high_precision_m1_reassembly_v15_checkpoint_json_successor.py"	"runtime-code"	"0818D47F50A99C4EDE4FD5320F9A39E4FA0B6134A95FC1027D6FF7AB57A5362B"	"KMPC-112 compile/help/smoke/official static and runtime closure"
"REPRO/scripts/baseScripts/p5_general_synchronous/c2_bi_k0p15_high_precision_m1_reassembly_v16_checkpoint_receipt.py"	"runtime-code"	"96B95FF8E43F782494ED4B50C2A03A0856810C03297ED760991F4AF393CB7484"	"KMPC-112 compile/help/smoke/official static and runtime closure"
"REPRO/scripts/baseScripts/p5_general_synchronous/c2_bi_k0p15_high_precision_m1_reassembly_v17_exact_resume.py"	"runtime-code"	"1EC7DF765617A978940105129D74F02C1419B726CC023977F4DB426DDA5A33C4"	"KMPC-112 compile/help/smoke/official static and runtime closure"
"REPRO/scripts/baseScripts/p5_general_synchronous/c2_bi_k0p15_high_precision_m1_reassembly_v18_exact_resume_order_successor.py"	"runtime-code"	"3E30375748130FC69D51C2715D6521D3E1637E8F4C548E5605DCD3AB086AB492"	"KMPC-112 compile/help/smoke/official static and runtime closure"
"REPRO/scripts/baseScripts/p5_general_synchronous/c2_bi_k0p15_high_precision_m1_reassembly_v19_exact_resume_json_parity_successor.py"	"runtime-code"	"067CFDBBA95712B04FCD8D571537D751A441B41F4B479FCFB54D7F7AAB281DA5"	"KMPC-112 compile/help/smoke/official static and runtime closure"
"REPRO/scripts/baseScripts/p5_general_synchronous/c2_bi_k0p15_high_precision_m1_reassembly_v2_attribution_owner.py"	"runtime-code"	"C9E8691F7A9BA5BD055DCAC086DC2CC0E421E3D01278B2C59608D601FB49FC7B"	"KMPC-112 compile/help/smoke/official static and runtime closure"
"REPRO/scripts/baseScripts/p5_general_synchronous/c2_bi_k0p15_high_precision_m1_reassembly_v3_column_equilibrated.py"	"runtime-code"	"8C52A465C5417EC65A89AC0484AB201EC3CFB0101D5630EB97844F65E2E19192"	"KMPC-112 compile/help/smoke/official static and runtime closure"
"REPRO/scripts/baseScripts/p5_general_synchronous/c2_bi_k0p15_high_precision_m1_reassembly_v4_scale_fixture.py"	"runtime-code"	"5C04E54C6AD89E936862A090AEC35F0A69F032B6350F4A59EA5A256BB3797240"	"KMPC-112 compile/help/smoke/official static and runtime closure"
"REPRO/scripts/baseScripts/p5_general_synchronous/c2_bi_k0p15_high_precision_m1_reassembly_v5_matrix_provenance.py"	"runtime-code"	"8C15D74DC752C07986DA95EB350CEE3C11C7917F317125F020A05047B634AC52"	"KMPC-112 compile/help/smoke/official static and runtime closure"
"REPRO/scripts/baseScripts/p5_general_synchronous/c2_bi_k0p15_high_precision_m1_reassembly_v6_combined_register.py"	"runtime-code"	"1332758076A50FC3EE8160786357E8BD04B7964307D7C3BB673F0167379D2B9A"	"KMPC-112 compile/help/smoke/official static and runtime closure"
"REPRO/scripts/baseScripts/p5_general_synchronous/c2_bi_k0p15_high_precision_m1_reassembly_v7_standalone_provenance.py"	"runtime-code"	"B2CF9C98734303122F82CE85D4BE2D560EA853126EFC447E82C05EAAB77CE9E0"	"KMPC-112 compile/help/smoke/official static and runtime closure"
"REPRO/scripts/baseScripts/p5_general_synchronous/c2_bi_k0p15_high_precision_m1_reassembly_v8_publication_receipt.py"	"runtime-code"	"28B4950759B494228AFF74A2078CD5D2A13C2D66051B02CD5C7845585702DB59"	"KMPC-112 compile/help/smoke/official static and runtime closure"
"REPRO/scripts/baseScripts/p5_general_synchronous/c2_bi_k0p15_high_precision_m1_reassembly_v9_native_cpqr.py"	"runtime-code"	"8EBDA7232BEADF0640A2C8361B444A9A896EB215E159E552AC494EAE2C0CCD0A"	"KMPC-112 compile/help/smoke/official static and runtime closure"
"REPRO/scripts/baseScripts/p5_general_synchronous/c2_bi_k0p15_high_precision_m1_reassembly.py"	"runtime-code"	"4509F89AB9987AF271DCC37F8D973672E647ABDBEBB8271D0B3B327A2F831065"	"KMPC-112 compile/help/smoke/official static and runtime closure"
"REPRO/scripts/baseScripts/p5_general_synchronous/c2_cdi_k0p15_same_matrix_refinement.py"	"runtime-code"	"EA589E4CBAD3AD618DEBC41C81B271EAC23F229AEA82C80E962CD792091468F6"	"KMPC-112 compile/help/smoke/official static and runtime closure"
"REPRO/scripts/baseScripts/p5_general_synchronous/c2_configurable_checkpoint.py"	"runtime-code"	"DEB7776EFE28D60978FA49ABB914B3718C7F31F111DDC4B4037DA73961798B9F"	"KMPC-112 compile/help/smoke/official static and runtime closure"
"REPRO/scripts/baseScripts/p5_general_synchronous/c2_fourier_coverage.py"	"runtime-code"	"757F97E14657CC7046177C2D33115CA87639B9C92E89BDABE2BFF3B4380DF3FC"	"KMPC-112 compile/help/smoke/official static and runtime closure"
"REPRO/scripts/baseScripts/p5_general_synchronous/c2_high_precision_runner_harness.py"	"runtime-code"	"8DBDA0837A088E0F26137DAB226AA6D49DBF5E52FDD014F81925DAC86DF1906D"	"KMPC-112 compile/help/smoke/official static and runtime closure"
"REPRO/scripts/baseScripts/p5_general_synchronous/c2_checkpointed_single_atom_v3_phase_order.py"	"runtime-code"	"3525257A92D6C7BFFCA82C04DD75ED4A808CD28342C2D771D6117DBC17A485A8"	"KMPC-112 compile/help/smoke/official static and runtime closure"
"REPRO/scripts/baseScripts/p5_general_synchronous/c2_checkpointed_single_atom.py"	"runtime-code"	"76B707973FA285733AFF61A8A931A51D4C09D249D1F6CB983758C09F0F0D05CF"	"KMPC-112 compile/help/smoke/official static and runtime closure"
"REPRO/scripts/baseScripts/p5_general_synchronous/c2_single_atom_adapter.py"	"runtime-code"	"C018ACB17311A8CB522FB612AB0EDD1DD5B9C47E16DC5D915A5F6DAF4204BAF8"	"KMPC-112 compile/help/smoke/official static and runtime closure"
"REPRO/scripts/baseScripts/p5_general_synchronous/cdi_c1_coverage.py"	"runtime-code"	"D57CA8CA5571A07440A987F4FB0DDA08A40DAF7EA8C95AF929FC5C936F2FCE0F"	"KMPC-112 compile/help/smoke/official static and runtime closure"
"REPRO/scripts/baseScripts/p5_general_synchronous/cdi_support_ladder.py"	"runtime-code"	"A8257E2195E2AB61B5C4195B80EA44EE7669B5A52F9C8440BA5F5244190E3068"	"KMPC-112 compile/help/smoke/official static and runtime closure"
"REPRO/scripts/baseScripts/p5_general_synchronous/full_ra_b1_preflight_v2.py"	"runtime-code"	"27C0D6ADA828CA2F59C0D128EB6339074D5940F294272CDABE8127CB84867C7C"	"KMPC-112 compile/help/smoke/official static and runtime closure"
"REPRO/scripts/baseScripts/p5_general_synchronous/full_ra_b1_preflight.py"	"runtime-code"	"62D6DEEFBDB81C0619FD58C668185FF9CA76926A90D00DCE9C092AD4797D6B5D"	"KMPC-112 compile/help/smoke/official static and runtime closure"
"REPRO/scripts/baseScripts/p5_general_synchronous/full_ra_contract.py"	"runtime-code"	"F3839DA931D24939FA9C5925FD29B1484E722D1A0F24117DC91EBE5F4436D464"	"KMPC-112 compile/help/smoke/official static and runtime closure"
"REPRO/scripts/baseScripts/p5_general_synchronous/full_ra_m3_seed.py"	"runtime-code"	"070F217B45A385369ECAFAA3D409A1210BAE3C3AF8A600A9171225B258751BF2"	"KMPC-112 compile/help/smoke/official static and runtime closure"
"REPRO/scripts/baseScripts/p5_general_synchronous/m1_order7_numerical_refinement.py"	"runtime-code"	"CE29222FCE45DAA99A7B8E1FFCC06E9471D648A2B61C14DA05F653DBA9E7A80C"	"KMPC-112 compile/help/smoke/official static and runtime closure"
"REPRO/scripts/baseScripts/p5_general_synchronous/m1_order7_provenance.py"	"runtime-code"	"0B1EB4C76A7388D6A8F6D1E5DD933549043337381DEF6DE77539D3F84CA7BAC7"	"KMPC-112 compile/help/smoke/official static and runtime closure"
"REPRO/scripts/baseScripts/p5_general_synchronous/mode_resolved_puiseux_v2_m1_anchored.py"	"runtime-code"	"5DE2C280B0E9DAF528A9E3011368361B37AE53DE38827FB6F6CE4AB2019A4455"	"KMPC-112 compile/help/smoke/official static and runtime closure"
"REPRO/scripts/baseScripts/p5_general_synchronous/mode_resolved_puiseux.py"	"runtime-code"	"5A89CF82006CB5ECC1D8B4BE1FD56A463453EE3D6261968CB64DE8CCF2C8B7AE"	"KMPC-112 compile/help/smoke/official static and runtime closure"
"REPRO/scripts/baseScripts/p5_general_synchronous/nid_c1_coverage.py"	"runtime-code"	"EEEE74848B6F4413914F0CC60230CC824982C7E485A38C77C4495F807975A2CD"	"KMPC-112 compile/help/smoke/official static and runtime closure"
"REPRO/scripts/baseScripts/p5_general_synchronous/niv_c1_coverage.py"	"runtime-code"	"B222554E8F6E664DAC674E394FED02A02ECBEE432ADEDC9A9682DFA6BB746E9D"	"KMPC-112 compile/help/smoke/official static and runtime closure"
"REPRO/scripts/baseScripts/p5_general_synchronous/niv_support_step2_v2_finite_owner.py"	"runtime-code"	"F920F51313B44450DABC5A526769C42CD9A3988CBEB011A7954A0F88A4A7006D"	"KMPC-112 compile/help/smoke/official static and runtime closure"
"REPRO/scripts/baseScripts/p5_general_synchronous/niv_support_step2.py"	"runtime-code"	"2B41B11E2C27B1FB5462AF0629C0478BBFF6A1343C317D7F6E6C045C0260F680"	"KMPC-112 compile/help/smoke/official static and runtime closure"
"REPRO/scripts/baseScripts/p5_general_synchronous/s_c0_coefficient_passport_v2_numpy_scalar.py"	"runtime-code"	"06EE03C939FBCCFA6FA130421EEF98D0B8CC7571937EF02A7A46A57367534C11"	"KMPC-112 compile/help/smoke/official static and runtime closure"
"REPRO/scripts/baseScripts/p5_general_synchronous/s_c0_coefficient_passport.py"	"runtime-code"	"C370B610815AFAC345C990E3CFE516D616873F39598F468A5ADBF2C65A2A6B95"	"KMPC-112 compile/help/smoke/official static and runtime closure"
"REPRO/scripts/baseScripts/p5_general_synchronous/s1_collective_contract.py"	"runtime-code"	"F535EE15137BBD6F9C0379821C9CC94DED8EC56037B6105B75BEF65A5884EE68"	"KMPC-112 compile/help/smoke/official static and runtime closure"
"REPRO/scripts/results/k_mpc_005/RUN_KMPC_031_P5_3G7_M3_FULL_RA_DEEP_TAIL_BRANCH_PROVENANCE.json"	"runtime-prerequisite"	"C547F818E3918CD844CA06BEA32814279A9D4A20D662A9166114410645792FF6"	"KMPC-112 compile/help/smoke/official static and runtime closure"
"REPRO/scripts/results/k_mpc_005/RUN_KMPC_040_P5_3G7_CDI_SUPPORT_STEP_3_05_07.json"	"runtime-prerequisite"	"69C78F70ECD851D8B8A48E4E09445181C0D4559E9BD2E90A7BA19933351BD219"	"KMPC-112 compile/help/smoke/official static and runtime closure"
"REPRO/scripts/results/k_mpc_005/RUN_KMPC_046_P5_3G7_BI_SUPPORT_STEP_3_OWNER_SUCCESSOR.json"	"runtime-prerequisite"	"60EC5A801FDDBAFFBA6CE184EBB3BC154879928385E6E37FB118781118615FB1"	"KMPC-112 compile/help/smoke/official static and runtime closure"
"REPRO/scripts/results/k_mpc_005/RUN_KMPC_053_P5_3G7_NID_SUPPORT_CLOSURE.json"	"runtime-prerequisite"	"625AC2FAF4BD114D4907ABF83BFF059B50741642E7FB198FA3D7FBCB1BF3B4BD"	"KMPC-112 compile/help/smoke/official static and runtime closure"
"REPRO/scripts/results/k_mpc_005/RUN_KMPC_056_P5_3G7_NIV_SUPPORT_STEP_2_FINITE_OWNER_SUCCESSOR.json"	"runtime-prerequisite"	"9AF6410513C2B0A6142DA9B08E8A1D115670C644171B102683568E64D645C332"	"KMPC-112 compile/help/smoke/official static and runtime closure"
"REPRO/scripts/results/k_mpc_005/RUN_KMPC_067_P5_3G7_C2_CDI_K0p005_NOMINAL.json"	"runtime-prerequisite"	"DC11201E7301831153F4D3D5450A95FC1D5F311E5EE3E9176BDE6E471F657F8F"	"KMPC-112 compile/help/smoke/official static and runtime closure"
"REPRO/scripts/results/k_mpc_005/RUN_KMPC_070_P5_3G7_C2_CDI_K0p005_SUPPORT_07_ACCEPTED_CHECKPOINT.json"	"runtime-prerequisite"	"AD8CD12F5E6CBABE28C512DFDA6D3867C3E713F5582E152F6289CD78540A7D00"	"KMPC-112 compile/help/smoke/official static and runtime closure"
"REPRO/scripts/results/k_mpc_005/RUN_KMPC_074_P5_3G7_C2_CDI_K0p15_NOMINAL.json"	"runtime-prerequisite"	"7771610FC77C2F3AA3FD9EA7D9BDE01F9C9D8F6751AC5BCD1075E67B9FBBB1A0"	"KMPC-112 compile/help/smoke/official static and runtime closure"
"REPRO/scripts/results/k_mpc_005/RUN_KMPC_075_P5_3G7_C2_CDI_K0p15_SAME_MATRIX_REFINEMENT.json"	"runtime-prerequisite"	"19F5F0B38CFE62C6E2ECA277EE5F959D866967027C5AF721CF4B2E1A30B999B9"	"KMPC-112 compile/help/smoke/official static and runtime closure"
"REPRO/scripts/results/k_mpc_005/RUN_KMPC_076_P5_3G7_C2_BI_K0p005_NOMINAL.json"	"runtime-prerequisite"	"B053B523C00032360F8FAFC47189C577B9B3D426778D881A2BD110DE3C4FCA00"	"KMPC-112 compile/help/smoke/official static and runtime closure"
"REPRO/scripts/results/k_mpc_005/RUN_KMPC_077_P5_3G7_C2_BI_K0p005_SUPPORT_07_ACCEPTED_CHECKPOINT.json"	"runtime-prerequisite"	"68A7B968A0FBDC0779D983B052C00ED05D01CAE0114D40224FAC705F09F103E8"	"KMPC-112 compile/help/smoke/official static and runtime closure"
"REPRO/scripts/results/k_mpc_005/RUN_KMPC_078_P5_3G7_C2_BI_K0p005_SUPPORT_07_09_CHECKPOINT_RESUME.json"	"runtime-prerequisite"	"F24894A043B531825DD36A424637D1E70244F89B66678AF945EA6C135918A359"	"KMPC-112 compile/help/smoke/official static and runtime closure"
"REPRO/scripts/results/k_mpc_005/RUN_KMPC_079_P5_3G7_C2_BI_K0p15_NOMINAL.json"	"runtime-prerequisite"	"014B3F7E76929ED7C3DC894C8B84550AB68435BF7BC2A650788801D786D4A5E5"	"KMPC-112 compile/help/smoke/official static and runtime closure"
"REPRO/scripts/results/k_mpc_005/RUN_KMPC_080_P5_3G7_C2_BI_K0p15_SAME_MATRIX_REFINEMENT.json"	"runtime-prerequisite"	"028BE28F8111FE6F775ACFC68A46FF51156DE0F1BD753D5A9C9CEA1CDF83DD1F"	"KMPC-112 compile/help/smoke/official static and runtime closure"
"REPRO/scripts/results/k_mpc_005/RUN_KMPC_083_P5_3G7_C2_BI_K0p15_HIGH_PRECISION_HOLDOUT_BOUNDARY.json"	"runtime-prerequisite"	"A8CB50F9593E95013CF96974FA48205152F7D462D30470A83366697D3FD729C9"	"KMPC-112 compile/help/smoke/official static and runtime closure"
"REPRO/scripts/results/k_mpc_005/RUN_KMPC_086_P5_3G7_C2_BI_K0p15_HP_HOLDOUT_ASSEMBLY_FIXTURE_SUCCESSOR.json"	"runtime-prerequisite"	"54F9A116EEC0EEB0EB7CEAE96A49F943F5EAE3DD63F12257155752B90B65649E"	"KMPC-112 compile/help/smoke/official static and runtime closure"
"REPRO/scripts/results/k_mpc_005/RUN_KMPC_087_P5_3G7_C2_BI_K0p15_HIGH_PRECISION_DRIVER_ASSEMBLY.json"	"runtime-prerequisite"	"EA0B4403318516D4503379246A882222E64681CB0248A4EFB00F10201CCE2144"	"KMPC-112 compile/help/smoke/official static and runtime closure"
"REPRO/scripts/results/k_mpc_005/RUN_KMPC_088_P5_3G7_C2_BI_K0p15_COEFFICIENT_ATTRIBUTION_TECHNICAL_FAILURE.json"	"runtime-prerequisite"	"5967854BFB51E4A53E4304A45F80D5F730AB46DCCB3E4C0277B744249B8B68A2"	"KMPC-112 compile/help/smoke/official static and runtime closure"
"REPRO/scripts/results/k_mpc_005/RUN_KMPC_090_P5_3G7_C2_BI_K0p15_COEFFICIENT_ATTRIBUTION_FIXTURE_SUCCESSOR_TECHNICAL_FAILURE.json"	"runtime-prerequisite"	"1A930F6107986840B897B1A28363C5BBC32E4C590E90CE2208C5A63F408A3365"	"KMPC-112 compile/help/smoke/official static and runtime closure"
"REPRO/scripts/results/k_mpc_005/RUN_KMPC_092_P5_3G7_C2_BI_K0p15_COEFFICIENT_ATTRIBUTION_NESTED_OWNER_SUCCESSOR.json"	"runtime-prerequisite"	"73C3F00B7969291C7EF89E3FEAB56591D0FDEB8A1D65B0D2050B88360D300606"	"KMPC-112 compile/help/smoke/official static and runtime closure"
"REPRO/scripts/results/k_mpc_005/RUN_KMPC_094_P5_3G7_C2_BI_K0p15_HIGH_PRECISION_M1_ATTRIBUTION_OWNER_SUCCESSOR_TECHNICAL_FAILURE.json"	"runtime-prerequisite"	"3739B39915B516AAE16B71F2F891FBA25FF68DACC25A6D6EB4680240243FDF7B"	"KMPC-112 compile/help/smoke/official static and runtime closure"
"REPRO/scripts/results/k_mpc_005/RUN_KMPC_096_P5_3G7_C2_BI_K0p15_HIGH_PRECISION_M1_SCALE_FIXTURE_SUCCESSOR_TECHNICAL_FAILURE.json"	"runtime-prerequisite"	"FFBD793DD7B0D85EEA4A96B37373D752F05F7886DE1EFC8B6582E162377A26E4"	"KMPC-112 compile/help/smoke/official static and runtime closure"
"REPRO/scripts/results/k_mpc_005/RUN_KMPC_097_P5_3G7_C2_BI_K0p15_HP_M1_MATRIX_PROVENANCE_DIAGNOSTIC_TECHNICAL_FAILURE.json"	"runtime-prerequisite"	"9B1B10318E1AC54D1CE710BAADE4B36AE29C78C3E3298E67C7963194AF2F19E5"	"KMPC-112 compile/help/smoke/official static and runtime closure"
"REPRO/scripts/results/k_mpc_005/RUN_KMPC_098_P5_3G7_C2_BI_K0p15_HP_M1_COMBINED_REGISTER_SUCCESSOR_TECHNICAL_FAILURE.json"	"runtime-prerequisite"	"3CD0C73DD8B408E6BE9F1282D6AE72D38887B128056A27758577579A199CBBD6"	"KMPC-112 compile/help/smoke/official static and runtime closure"
"REPRO/scripts/results/k_mpc_005/RUN_KMPC_099_P5_3G7_C2_BI_K0p15_HP_M1_STANDALONE_MATRIX_PROVENANCE.json"	"runtime-prerequisite"	"93780C85488F17831562238D61FF2ADA70182163B488687BAB49BA9A6E96ECD9"	"KMPC-112 compile/help/smoke/official static and runtime closure"
"REPRO/scripts/results/k_mpc_005/RUN_KMPC_100_P5_3G7_C2_BI_K0p15_HP_M1_PUBLICATION_RECEIPT.json"	"runtime-prerequisite"	"2581BC157F0CBA08D91654A9BCE9976D93429D9DB6AA0FA2AE4765F05AD9CC1A"	"KMPC-112 compile/help/smoke/official static and runtime closure"
"REPRO/scripts/results/k_mpc_005/RUN_KMPC_101_P5_3G7_C2_BI_K0p15_NATIVE_HP_M1_CPQR_TECHNICAL_FAILURE.json"	"runtime-prerequisite"	"378A4FC7180E01FD89AF58CA803D3FBDD058DED6AA57AF38E1D1EB0B53A119CA"	"KMPC-112 compile/help/smoke/official static and runtime closure"
"REPRO/scripts/results/k_mpc_005/RUN_KMPC_102_P5_3G7_C2_BI_K0p15_NATIVE_HP_M1_CPQR_ROUTING_SUCCESSOR.json"	"runtime-prerequisite"	"49187BB85B8C59559A23EF6741DFB64F0015C2F0CC458D5C9D284FF2CECDE0CB"	"KMPC-112 compile/help/smoke/official static and runtime closure"
"REPRO/scripts/results/k_mpc_005/RUN_KMPC_105_P5_3G7_C2_BI_K0p15_HP_M1_DOWNSTREAM_IDENTITY_SUCCESSOR_TECHNICAL_FAILURE.json"	"runtime-prerequisite"	"DAF1A456678310A12E3D5A3E46EECF23A4421F502384775A5099577915239EC3"	"KMPC-112 compile/help/smoke/official static and runtime closure"
"REPRO/scripts/results/k_mpc_005/RUN_KMPC_107_P5_3G7_C2_BI_K0p15_HP_M1_SUPPORT_CHECKPOINT_ROUTING_SUCCESSOR_TECHNICAL_FAILURE.json"	"runtime-prerequisite"	"ADB8D2A1669E4C6E0C07C4A3E2C0E3B8809A4514C4F32E26CF76684FAA92F89C"	"KMPC-112 compile/help/smoke/official static and runtime closure"
"REPRO/scripts/results/k_mpc_005/RUN_KMPC_108_P5_3G7_C2_BI_K0p15_HP_M1_SUPPORT_CHECKPOINT_JSON_SUCCESSOR.json"	"runtime-prerequisite"	"683D867D19324B7B45F3724545FFB1D975DFBED883936298D790C12836E9D995"	"KMPC-112 compile/help/smoke/official static and runtime closure"
"REPRO/scripts/results/k_mpc_005/RUN_KMPC_109_P5_3G7_C2_BI_K0p15_HP_M1_SUPPORT_CHECKPOINT_READ_ONLY_RECEIPT.json"	"runtime-prerequisite"	"21EF9A9BF8D6E437CC848BD76EC026C5621534F35C0D88F99D2BFAFAD28118F9"	"KMPC-112 compile/help/smoke/official static and runtime closure"
"REPRO/scripts/results/k_mpc_005/RUN_KMPC_111_P5_3G7_C2_BI_K0p15_HP_M1_CHECKPOINT_EXACT_RESUME_ORDER_SUCCESSOR_TECHNICAL_FAILURE.json"	"runtime-prerequisite"	"1ADCB30A3A41AC38EF29E454016AE164A05CC8DD489D6F254B26A91C3BD95E40"	"KMPC-112 compile/help/smoke/official static and runtime closure"
"REPRO/tracks/A1/A1K1/A2/A2K4/SUBTRACKS/P5/P5_3_SEEDS/26_P5_3G7_M1_STANDARD_METRIC_SOURCE_MAP_SK.md"	"runtime-input"	"7C927999F0D5BAECD0E45E52DFF760FA17DC0A48A3799242D147AEDE4228999B"	"KMPC-112 compile/help/smoke/official static and runtime closure"
